{
    "devices": [
        {
            "gw": "00000027EB5A71F7", 
            "src": "30", 
            "name": "waziup_UPPA_Sensor30", 
            "seq": 134, 
            "bc": 1, 
            "fxt": 4180, 
            "lat": 43.31487, 
            "snr": 7, 
            "time": "2018-08-05T11:08:52", 
            "active": "no", 
            "rssi": -59, 
            "lgt": -0.36721, 
            "distance": 0.2822
        }, 
        {
            "gw": "00000027EB5A71F7", 
            "src": "32", 
            "name": "waziup_UPPA_Sensor32", 
            "seq": 134, 
            "bc": 1, 
            "fxt": 4180, 
            "lat": 43.317219, 
            "snr": 7, 
            "time": "2018-08-05T11:08:52", 
            "active": "no", 
            "rssi": -59, 
            "lgt": -0.363231, 
            "distance": 0.3227
        }, 
        {
            "gw": "00000027EB5A71F7", 
            "src": "31", 
            "name": "waziup_UPPA_Sensor31", 
            "seq": 134, 
            "bc": 1, 
            "fxt": 4180, 
            "lat": 43.312613, 
            "snr": 7, 
            "time": "2018-08-05T11:08:52", 
            "active": "no", 
            "rssi": -59, 
            "lgt": -0.366739, 
            "distance": 0.3063
        }, 
        {
            "gw": "00000027EB5A71F7", 
            "src": "33", 
            "name": "waziup_UPPA_Sensor33", 
            "seq": 134, 
            "bc": 1, 
            "fxt": 4180, 
            "active": "no", 
            "snr": 7, 
            "time": "2018-08-05T11:08:52", 
            "lat": 43.316333, 
            "rssi": -59, 
            "lgt": -0.355061, 
            "distance": 0.7405
        }, 
        {
            "gw": "00000027EB5A71F7", 
            "src": "34", 
            "name": "waziup_UPPA_Sensor34", 
            "seq": 134, 
            "bc": 1, 
            "fxt": 4180, 
            "lat": 43.317153, 
            "snr": 7, 
            "time": "2018-08-05T11:08:52", 
            "active": "no", 
            "rssi": -59, 
            "lgt": -0.370736, 
            "distance": 0.6423
        }, 
        {
            "gw": "00000027EB5A71F7", 
            "src": "35", 
            "name": "waziup_UPPA_Sensor35", 
            "seq": 0, 
            "bc": 1, 
            "fxt": 4180, 
            "active": "no", 
            "snr": 8, 
            "time": "2018-08-05T11:08:52", 
            "lat": 43.314613, 
            "rssi": -45, 
            "lgt": -0.368739, 
            "distance": 0.3966
        }, 
        {
            "gw": "00000027EB5A71F7", 
            "src": "36", 
            "name": "waziup_UPPA_Sensor36", 
            "seq": 0, 
            "bc": 1, 
            "fxt": 4180, 
            "active": "no", 
            "snr": 8, 
            "time": "2018-08-05T11:08:52", 
            "lat": 43.324613, 
            "rssi": -45, 
            "lgt": -0.358739, 
            "distance": 1.2403
        }
    ]
}